episode,steps,return,length,success,crash,wall_time
0,86,200.777,86,1,0,0.0
1,212,191.827,126,1,0,0.1
2,290,184.688,78,1,0,0.1
3,309,-85.466,19,0,1,0.1
4,521,180.749,212,1,0,0.2
5,577,198.084,56,1,0,0.2
6,580,-96.068,3,0,1,0.2
7,657,188.212,77,1,0,0.2
8,734,202.101,77,1,0,0.2
9,792,188.439,58,1,0,0.3
10,863,186.218,71,1,0,0.3
11,953,196.445,90,1,0,0.3
12,1203,38.133,250,0,0,0.4
13,1276,182.475,73,1,0,0.4
14,1365,201.294,89,1,0,0.5
15,1502,-40.091,137,0,1,0.5
16,1595,188.334,93,1,0,0.5
17,1667,184.798,72,1,0,0.6
18,1747,176.027,80,1,0,0.6
19,1797,194.86,50,1,0,0.6
20,1856,188.405,59,1,0,0.6
21,1884,-98.985,28,0,1,0.6
22,1980,199.101,96,1,0,0.7
23,2060,201.649,80,1,0,0.7
24,2135,205.82,75,1,0,0.7
25,2239,190.478,104,1,0,0.8
26,2339,198.108,100,1,0,0.8
27,2445,192.509,106,1,0,0.8
28,2462,-85.0,17,0,1,0.8
29,2517,180.236,55,1,0,0.9
30,2592,203.52,75,1,0,0.9
31,2677,192.668,85,1,0,0.9
32,2795,177.694,118,1,0,1.0
33,2880,193.695,85,1,0,1.0
34,2978,191.12,98,1,0,1.0
35,3049,192.605,71,1,0,1.0
36,3146,183.572,97,1,0,1.1
37,3229,195.832,83,1,0,1.1
38,3321,192.494,92,1,0,1.1
39,3470,-54.812,149,0,1,1.2
40,3570,189.198,100,1,0,1.2
41,3577,-95.426,7,0,1,1.2
42,3686,196.76,109,1,0,1.3
43,3760,192.664,74,1,0,1.3
44,3845,194.484,85,1,0,1.3
45,3921,201.073,76,1,0,1.3
46,4020,191.171,99,1,0,1.4
47,4148,-27.238,128,0,1,1.4
48,4251,188.376,103,1,0,1.4
49,4353,192.037,102,1,0,1.5
50,4431,193.495,78,1,0,1.5
51,4495,193.644,64,1,0,1.5
52,4584,187.931,89,1,0,1.6
53,4624,-91.129,40,0,1,1.6
54,4729,201.325,105,1,0,1.6
55,4797,193.71,68,1,0,1.6
56,4909,196.398,112,1,0,1.7
57,4985,191.636,76,1,0,1.7
58,4999,-84.878,14,0,1,1.7
59,5082,196.569,83,1,0,1.7
60,5100,-80.958,18,0,1,1.7
61,5327,161.776,227,1,0,1.8
62,5392,200.668,65,1,0,1.8
63,5497,195.063,105,1,0,1.9
64,5556,197.5,59,1,0,1.9
65,5633,200.264,77,1,0,1.9
66,5710,202.974,77,1,0,1.9
67,5791,190.369,81,1,0,1.9
68,5869,196.591,78,1,0,2.0
69,5921,-46.826,52,0,1,2.0
70,6009,207.763,88,1,0,2.0
71,6250,172.538,241,1,0,2.1
72,6313,208.857,63,1,0,2.1
73,6407,205.032,94,1,0,2.2
74,6469,204.132,62,1,0,2.2
75,6606,196.62,137,1,0,2.2
76,6755,176.704,149,1,0,2.3
77,6833,195.493,78,1,0,2.3
78,6910,187.405,77,1,0,2.4
79,6918,-97.049,8,0,1,2.4
80,6995,188.877,77,1,0,2.4
81,7069,189.149,74,1,0,2.4
82,7177,193.308,108,1,0,2.4
83,7184,-95.956,7,0,1,2.5
84,7198,-78.374,14,0,1,2.5
85,7283,185.426,85,1,0,2.5
86,7312,-81.128,29,0,1,2.5
87,7510,-22.5,198,0,1,2.6
88,7623,208.826,113,1,0,2.6
89,7656,-80.97,33,0,1,2.6
90,7683,-77.03,27,0,1,2.6
91,7744,199.876,61,1,0,2.7
92,7859,197.578,115,1,0,2.7
93,7922,-19.819,63,0,1,2.7
94,8057,192.849,135,1,0,2.8
95,8164,188.961,107,1,0,2.8
96,8177,-84.193,13,0,1,2.8
97,8293,181.564,116,1,0,2.8
98,8412,198.759,119,1,0,2.9
99,8432,-83.372,20,0,1,2.9
100,8464,-46.178,32,0,1,2.9
101,8560,197.172,96,1,0,2.9
102,8651,184.726,91,1,0,3.0
103,8668,-99.278,17,0,1,3.0
104,8691,-82.134,23,0,1,3.0
105,8806,188.509,115,1,0,3.0
106,8834,-78.081,28,0,1,3.0
107,8938,182.447,104,1,0,3.1
108,9048,193.014,110,1,0,3.1
109,9157,191.135,109,1,0,3.1
110,9351,-53.486,194,0,1,3.2
111,9450,191.25,99,1,0,3.2
112,9700,72.975,250,0,0,3.3
113,9760,190.818,60,1,0,3.3
114,9851,197.852,91,1,0,3.4
115,9904,199.985,53,1,0,3.4
116,10044,-66.78,140,0,1,4.2
117,10050,-92.573,6,0,1,4.3
118,10056,-92.638,6,0,1,4.4
119,10063,-84.653,7,0,1,4.6
120,10070,-82.835,7,0,1,4.7
121,10075,-88.486,5,0,1,4.7
122,10080,-90.939,5,0,1,4.8
123,10086,-86.894,6,0,1,4.9
124,10090,-90.759,4,0,1,4.9
125,10097,-79.204,7,0,1,5.0
126,10103,-87.788,6,0,1,5.1
127,10110,-84.927,7,0,1,5.2
128,10117,-84.18,7,0,1,5.3
129,10122,-86.467,5,0,1,5.4
130,10127,-89.503,5,0,1,5.4
131,10132,-89.72,5,0,1,5.5
132,10139,-84.479,7,0,1,5.6
133,10146,-84.057,7,0,1,5.7
134,10152,-85.467,6,0,1,5.8
135,10158,-82.653,6,0,1,5.8
136,10161,-93.571,3,0,1,5.9
137,10166,-90.142,5,0,1,5.9
138,10169,-94.754,3,0,1,6.0
139,10175,-88.71,6,0,1,6.0
140,10179,-91.971,4,0,1,6.1
141,10184,-88.434,5,0,1,6.1
142,10189,-88.551,5,0,1,6.2
143,10194,-85.908,5,0,1,6.3
144,10196,-95.891,2,0,1,6.3
145,10202,-86.511,6,0,1,6.3
146,10208,-82.285,6,0,1,6.4
147,10215,-86.111,7,0,1,6.5
148,10219,-91.945,4,0,1,6.6
149,10224,-90.172,5,0,1,6.7
150,10229,-88.341,5,0,1,6.8
151,10235,-85.161,6,0,1,7.0
152,10242,-83.04,7,0,1,7.1
153,10249,-85.446,7,0,1,7.3
154,10254,-88.055,5,0,1,7.3
155,10260,-84.275,6,0,1,7.4
156,10266,-82.851,6,0,1,7.5
157,10272,-83.028,6,0,1,7.6
158,10274,-95.767,2,0,1,7.6
159,10279,-87.011,5,0,1,7.6
160,10284,-87.245,5,0,1,7.7
161,10289,-91.37,5,0,1,7.8
162,10295,-86.896,6,0,1,7.9
163,10302,-83.137,7,0,1,7.9
164,10308,-83.559,6,0,1,8.0
165,10313,-87.469,5,0,1,8.1
166,10319,-89.145,6,0,1,8.1
167,10325,-88.685,6,0,1,8.2
168,10346,-31.622,21,0,1,8.5
169,10349,-95.467,3,0,1,8.5
170,10358,-76.813,9,0,1,8.6
171,10364,-82.9,6,0,1,8.7
172,10372,-74.034,8,0,1,8.8
173,10382,-67.802,10,0,1,8.9
174,10385,-93.644,3,0,1,8.9
175,10391,-83.02,6,0,1,9.0
176,10421,-29.179,30,0,1,9.3
177,10424,-91.744,3,0,1,9.4
178,10444,-47.754,20,0,1,9.6
179,10465,-81.494,21,0,1,9.8
180,10476,-97.897,11,0,1,10.0
181,10511,-59.816,35,0,1,10.4
182,10539,-43.129,28,0,1,10.7
183,10557,-70.769,18,0,1,10.9
184,10581,-104.378,24,0,1,11.2
185,10607,-83.549,26,0,1,11.6
186,10650,-74.539,43,0,1,12.2
187,10695,-91.52,45,0,1,13.0
188,10710,-103.039,15,0,1,13.3
189,10724,-76.976,14,0,1,13.6
190,10765,-53.603,41,0,1,14.2
191,10771,-106.227,6,0,1,14.3
192,10780,-114.34,9,0,1,14.4
193,10834,-42.321,54,0,1,15.1
194,10866,-83.463,32,0,1,15.5
195,10886,-71.435,20,0,1,15.7
196,10922,-47.506,36,0,1,16.1
197,10936,-75.421,14,0,1,16.3
198,10984,-43.087,48,0,1,16.9
199,11026,-15.664,42,0,1,18.3
200,11062,-40.449,36,0,1,18.8
201,11102,-22.539,40,0,1,19.4
202,11132,-27.416,30,0,1,19.8
203,11196,-58.642,64,0,1,20.9
204,11240,-29.213,44,0,1,21.5
205,11259,-97.62,19,0,1,21.8
206,11287,-32.106,28,0,1,22.2
207,11327,-27.189,40,0,1,22.8
208,11368,-19.417,41,0,1,23.4
209,11391,-40.317,23,0,1,23.7
210,11429,-19.127,38,0,1,24.2
211,11480,-29.345,51,0,1,24.9
212,11516,-32.089,36,0,1,25.3
213,11570,-11.43,54,0,1,26.0
214,11636,201.73,66,1,0,26.8
215,11886,72.959,250,0,0,29.7
216,11928,-14.08,42,0,1,30.2
217,11984,-19.165,56,0,1,30.8
218,12038,202.398,54,1,0,31.4
219,12084,-20.378,46,0,1,31.9
220,12163,184.852,79,1,0,32.8
221,12195,-33.242,32,0,1,33.2
222,12445,59.704,250,0,0,36.2
223,12695,58.342,250,0,0,39.3
224,12709,-116.863,14,0,1,39.5
225,12757,190.754,48,1,0,40.2
226,12819,-100.962,62,0,1,40.9
227,12859,-131.613,40,0,1,41.5
228,13109,79.606,250,0,0,44.8
229,13290,-62.723,181,0,1,46.9
230,13370,189.515,80,1,0,48.0
231,13620,72.202,250,0,0,51.7
232,13870,64.282,250,0,0,55.0
233,13892,-124.051,22,0,1,55.3
234,13996,-23.913,104,0,1,56.7
235,14246,84.309,250,0,0,60.0
236,14496,80.299,250,0,0,63.2
237,14746,79.892,250,0,0,66.7
238,14996,80.156,250,0,0,70.0
239,15246,81.363,250,0,0,73.3
240,15496,92.646,250,0,0,76.2
241,15527,-15.406,31,0,1,76.5
242,15669,195.853,142,1,0,78.1
243,15749,-16.818,80,0,1,79.1
244,15999,83.631,250,0,0,81.9
245,16249,81.194,250,0,0,84.7
246,16298,-23.215,49,0,1,85.2
247,16548,82.329,250,0,0,88.1
248,16798,70.553,250,0,0,90.8
249,17048,86.512,250,0,0,93.6
250,17224,-46.074,176,0,1,95.6
251,17275,-25.278,51,0,1,96.3
252,17525,97.855,250,0,0,99.8
253,17567,-36.639,42,0,1,100.4
254,17611,-20.95,44,0,1,101.1
255,17684,-38.056,73,0,1,101.9
256,17934,86.211,250,0,0,104.8
257,18184,71.487,250,0,0,108.5
258,18434,77.206,250,0,0,111.4
259,18684,74.157,250,0,0,114.5
260,18934,69.85,250,0,0,117.4
261,18947,-68.919,13,0,1,117.5
262,19197,28.306,250,0,0,120.7
263,19447,89.178,250,0,0,124.5
264,19697,78.892,250,0,0,127.5
265,19733,-112.454,36,0,1,128.0
266,19743,-115.951,10,0,1,128.1
267,19748,-108.434,5,0,1,128.1
268,19757,-106.846,9,0,1,128.2
269,19763,-109.277,6,0,1,128.3
270,19769,-112.702,6,0,1,128.4
271,19778,-112.288,9,0,1,128.5
272,19785,-110.194,7,0,1,128.5
273,19801,-112.551,16,0,1,128.7
274,19806,-109.627,5,0,1,128.8
275,19812,-107.375,6,0,1,128.8
276,19818,-109.762,6,0,1,128.9
277,19826,-106.074,8,0,1,129.0
278,19833,-113.354,7,0,1,129.0
279,20083,74.092,250,0,0,131.7
280,20333,84.577,250,0,0,134.4
281,20583,79.911,250,0,0,137.3
282,20833,89.475,250,0,0,140.3
283,21083,79.715,250,0,0,143.3
284,21333,86.54,250,0,0,146.4
285,21343,-96.366,10,0,1,146.5
286,21593,71.577,250,0,0,149.3
287,21644,-15.84,51,0,1,149.9
288,21691,-48.081,47,0,1,150.4
289,21941,59.703,250,0,0,153.0
290,22074,-50.745,133,0,1,154.4
291,22324,56.473,250,0,0,157.0
292,22359,-58.593,35,0,1,157.3
293,22389,-43.996,30,0,1,157.6
294,22639,78.689,250,0,0,160.6
295,22889,69.714,250,0,0,163.5
296,23139,79.267,250,0,0,166.7
297,23273,191.218,134,1,0,169.3
298,23523,78.313,250,0,0,172.1
299,23542,-95.26,19,0,1,172.3
300,23792,71.58,250,0,0,175.3
301,24042,79.117,250,0,0,177.9
302,24060,-78.62,18,0,1,178.1
303,24081,-85.805,21,0,1,178.3
304,24331,78.049,250,0,0,181.3
305,24581,75.751,250,0,0,184.6
306,24591,-90.909,10,0,1,184.7
307,24629,-85.105,38,0,1,185.1
308,24879,84.198,250,0,0,188.1
309,25129,77.383,250,0,0,191.1
310,25379,68.287,250,0,0,194.1
311,25506,-18.771,127,0,1,195.5
312,25756,71.937,250,0,0,198.6
313,25850,-62.641,94,0,1,199.6
314,26100,68.818,250,0,0,203.0
315,26179,-32.588,79,0,1,204.1
316,26238,-18.286,59,0,1,204.8
317,26488,76.811,250,0,0,207.4
318,26604,-52.294,116,0,1,208.7
319,26854,76.524,250,0,0,211.3
320,27027,-39.627,173,0,1,213.1
321,27277,5.751,250,0,0,215.6
322,27527,79.868,250,0,0,218.2
323,27540,-85.442,13,0,1,218.3
324,27569,-40.972,29,0,1,218.6
325,27819,77.585,250,0,0,221.2
326,27866,-60.448,47,0,1,221.7
327,27902,-15.347,36,0,1,222.1
328,27920,-50.573,18,0,1,222.3
329,27986,-96.846,66,0,1,222.9
330,28150,-25.611,164,0,1,224.6
331,28400,66.641,250,0,0,227.1
332,28478,-104.881,78,0,1,227.9
333,28556,-44.806,78,0,1,228.6
334,28806,81.585,250,0,0,231.2
335,29056,50.819,250,0,0,233.8
336,29109,-99.698,53,0,1,234.4
337,29124,-109.114,15,0,1,234.5
338,29374,87.298,250,0,0,237.1
339,29624,79.178,250,0,0,239.8
340,29874,69.383,250,0,0,242.4
341,29943,-34.702,69,0,1,243.1
342,30193,84.184,250,0,0,246.0
343,30443,68.573,250,0,0,248.5
344,30603,172.205,160,1,0,250.2
345,30853,67.922,250,0,0,252.7
346,31103,70.843,250,0,0,255.2
347,31353,73.266,250,0,0,257.7
348,31603,64.926,250,0,0,260.3
349,31690,-2.746,87,0,1,261.2
350,31741,-42.487,51,0,1,261.7
351,31991,89.419,250,0,0,264.5
352,32202,-81.739,211,0,1,266.9
353,32314,-57.391,112,0,1,268.1
354,32564,57.74,250,0,0,270.6
355,32814,55.481,250,0,0,273.2
356,33064,83.147,250,0,0,275.9
357,33314,64.732,250,0,0,278.7
358,33564,72.507,250,0,0,281.3
359,33814,26.853,250,0,0,283.8
360,34057,-55.833,243,0,1,286.3
361,34094,-79.044,37,0,1,286.7
362,34119,-93.998,25,0,1,286.9
363,34187,-36.19,68,0,1,287.8
364,34437,66.843,250,0,0,290.7
365,34687,70.916,250,0,0,294.4
366,34937,42.245,250,0,0,298.4
367,35011,-19.667,74,0,1,299.4
368,35049,-92.633,38,0,1,299.9
369,35055,-94.965,6,0,1,300.0
370,35305,56.214,250,0,0,303.4
371,35555,52.914,250,0,0,306.7
372,35694,-30.775,139,0,1,308.7
373,35944,75.194,250,0,0,313.1
374,36003,-26.897,59,0,1,315.6
375,36253,75.359,250,0,0,319.8
376,36503,69.288,250,0,0,324.0
377,36753,81.831,250,0,0,327.0
378,37003,77.912,250,0,0,330.2
379,37253,62.93,250,0,0,333.9
380,37503,63.368,250,0,0,337.9
381,37753,62.145,250,0,0,343.0
382,37802,-11.375,49,0,1,344.3
383,38052,71.974,250,0,0,347.4
384,38079,-26.237,27,0,1,347.7
385,38107,-47.784,28,0,1,348.2
386,38357,84.071,250,0,0,352.4
387,38607,56.072,250,0,0,357.0
388,38857,60.914,250,0,0,366.0
389,39107,60.291,250,0,0,375.9
390,39357,53.937,250,0,0,381.2
391,39399,-18.657,42,0,1,381.8
392,39467,-4.644,68,0,1,383.3
393,39511,-42.189,44,0,1,384.6
394,39534,-38.902,23,0,1,385.0
395,39573,-20.428,39,0,1,385.5
396,39592,-57.615,19,0,1,386.1
397,39619,-75.101,27,0,1,386.8
398,39869,70.937,250,0,0,393.2
399,40119,57.764,250,0,0,399.1
400,40369,55.465,250,0,0,402.2
401,40423,-46.987,54,0,1,402.8
402,40425,-99.829,2,0,1,402.8
403,40451,-72.894,26,0,1,403.1
404,40701,60.569,250,0,0,405.8
405,40951,79.645,250,0,0,408.5
406,41201,60.183,250,0,0,411.2
407,41451,87.201,250,0,0,413.9
408,41701,72.283,250,0,0,417.0
409,41750,-16.203,49,0,1,417.8
410,41932,191.355,182,1,0,420.1
411,42182,83.703,250,0,0,422.9
412,42432,83.573,250,0,0,425.8
413,42682,83.604,250,0,0,430.0
414,42932,31.773,250,0,0,433.6
415,43182,72.218,250,0,0,436.3
416,43432,10.173,250,0,0,438.9
417,43682,48.438,250,0,0,441.6
418,43932,57.903,250,0,0,444.3
419,44036,-17.405,104,0,1,445.5
420,44155,-30.208,119,0,1,446.8
421,44248,-19.43,93,0,1,447.8
422,44498,78.609,250,0,0,450.5
423,44748,68.412,250,0,0,453.2
424,44998,62.05,250,0,0,455.9
425,45083,-23.203,85,0,1,456.8
426,45138,-64.856,55,0,1,457.4
427,45279,-29.127,141,0,1,458.9
428,45529,72.17,250,0,0,461.6
429,45604,-33.798,75,0,1,462.4
430,45647,-27.808,43,0,1,462.8
431,45733,-32.734,86,0,1,463.7
432,45894,-30.254,161,0,1,465.5
433,46144,76.904,250,0,0,468.1
434,46157,-96.577,13,0,1,468.3
435,46407,-15.572,250,0,0,471.2
436,46511,-33.426,104,0,1,472.3
437,46761,25.558,250,0,0,475.1
438,47011,58.872,250,0,0,477.9
439,47261,71.782,250,0,0,481.1
440,47511,74.666,250,0,0,483.8
441,47761,80.905,250,0,0,487.3
442,48011,79.237,250,0,0,490.0
443,48261,75.066,250,0,0,492.8
444,48511,73.162,250,0,0,495.7
445,48523,-107.257,12,0,1,495.8
446,48694,-41.255,171,0,1,497.8
447,48944,68.986,250,0,0,500.5
448,49194,58.623,250,0,0,503.2
449,49444,35.484,250,0,0,505.9
450,49694,69.504,250,0,0,508.6
451,49944,67.695,250,0,0,511.4
452,50194,77.704,250,0,0,514.1
453,50278,193.006,84,1,0,514.9
454,50528,65.448,250,0,0,517.6
455,50690,-57.371,162,0,1,519.3
456,50833,-29.614,143,0,1,520.8
457,51083,28.643,250,0,0,523.5
458,51333,84.796,250,0,0,526.2
459,51583,66.767,250,0,0,528.9
460,51833,73.169,250,0,0,531.7
461,52083,28.447,250,0,0,534.4
462,52333,69.844,250,0,0,537.2
463,52583,77.645,250,0,0,541.5
464,52833,94.793,250,0,0,547.0
465,52855,-63.433,22,0,1,547.4
466,53105,48.093,250,0,0,552.3
467,53355,74.352,250,0,0,555.4
468,53605,62.606,250,0,0,558.0
469,53855,59.735,250,0,0,560.5
470,54105,60.578,250,0,0,563.1
471,54355,67.953,250,0,0,565.9
472,54605,87.234,250,0,0,568.7
473,54855,61.232,250,0,0,571.3
474,54881,-45.882,26,0,1,571.5
475,54924,-34.889,43,0,1,572.0
476,55174,71.98,250,0,0,574.8
477,55424,71.437,250,0,0,577.5
478,55674,72.424,250,0,0,580.2
479,55924,70.08,250,0,0,583.0
480,56174,65.98,250,0,0,585.7
481,56424,70.051,250,0,0,588.3
482,56674,32.619,250,0,0,591.1
483,56730,-39.167,56,0,1,591.7
484,56780,-21.33,50,0,1,592.3
485,57030,71.408,250,0,0,597.3
486,57280,41.382,250,0,0,602.1
487,57366,-58.599,86,0,1,603.3
488,57616,64.975,250,0,0,607.5
489,57866,38.434,250,0,0,611.5
490,58116,86.295,250,0,0,614.8
491,58366,66.282,250,0,0,617.4
492,58458,-47.008,92,0,1,618.3
493,58585,-36.496,127,0,1,619.6
494,58835,58.628,250,0,0,622.1
495,59085,55.463,250,0,0,624.6
496,59335,48.83,250,0,0,627.2
497,59585,48.335,250,0,0,629.7
498,59835,76.016,250,0,0,632.2
499,59979,-26.186,144,0,1,633.7
500,60032,-25.498,53,0,1,634.2
501,60080,-45.576,48,0,1,634.7
502,60129,-16.659,49,0,1,635.2
503,60379,60.7,250,0,0,637.8
504,60629,81.198,250,0,0,640.3
505,60879,77.557,250,0,0,642.9
506,60924,-52.071,45,0,1,643.4
507,60964,-116.284,40,0,1,643.8
508,61214,73.714,250,0,0,646.3
509,61464,78.985,250,0,0,648.9
510,61714,64.163,250,0,0,651.4
511,61964,77.147,250,0,0,653.9
512,62214,75.24,250,0,0,656.5
513,62260,-32.563,46,0,1,657.0
514,62510,82.84,250,0,0,659.7
515,62760,65.619,250,0,0,662.5
516,63010,71.143,250,0,0,665.2
517,63260,61.064,250,0,0,668.1
518,63510,82.021,250,0,0,673.1
519,63760,75.136,250,0,0,677.5
520,64010,43.48,250,0,0,682.0
521,64260,82.239,250,0,0,686.6
522,64293,-48.333,33,0,1,687.7
523,64347,-20.12,54,0,1,688.5
524,64408,-103.266,61,0,1,689.1
525,64658,75.864,250,0,0,691.6
526,64690,-84.63,32,0,1,691.9
527,64940,63.505,250,0,0,694.4
528,65190,66.013,250,0,0,697.0
529,65440,65.856,250,0,0,699.7
530,65454,-73.632,14,0,1,699.8
531,65704,48.482,250,0,0,702.4
532,65886,-34.648,182,0,1,704.2
533,66136,63.707,250,0,0,706.8
534,66163,-27.747,27,0,1,707.0
535,66166,-93.89,3,0,1,707.1
536,66416,82.637,250,0,0,709.9
537,66666,18.399,250,0,0,712.7
538,66916,74.623,250,0,0,715.4
539,67166,0.375,250,0,0,718.9
540,67416,59.241,250,0,0,722.9
541,67666,69.404,250,0,0,725.5
542,67916,57.574,250,0,0,728.7
543,68166,59.605,250,0,0,732.2
544,68416,37.602,250,0,0,739.6
545,68666,67.117,250,0,0,743.6
546,68675,-92.203,9,0,1,743.7
547,68925,74.238,250,0,0,747.6
548,68937,-97.639,12,0,1,747.8
549,69187,90.741,250,0,0,755.9
550,69229,-75.967,42,0,1,756.5
551,69280,-26.479,51,0,1,757.6
552,69530,54.46,250,0,0,761.8
553,69780,69.134,250,0,0,765.3
554,70030,66.555,250,0,0,772.6
555,70280,68.451,250,0,0,778.0
556,70530,59.836,250,0,0,783.4
557,70548,-80.465,18,0,1,783.8
558,70798,61.638,250,0,0,789.2
559,70942,-21.735,144,0,1,791.5
560,70947,-93.771,5,0,1,791.6
561,71197,57.867,250,0,0,794.5
562,71447,78.242,250,0,0,797.3
563,71451,-97.641,4,0,1,797.3
564,71701,79.573,250,0,0,800.5
565,71951,67.279,250,0,0,803.6
566,72201,47.762,250,0,0,806.7
567,72238,-72.034,37,0,1,807.2
568,72265,-46.72,27,0,1,807.7
569,72515,67.845,250,0,0,810.3
570,72605,-24.95,90,0,1,811.6
571,72855,73.004,250,0,0,814.2
572,73105,83.26,250,0,0,816.6
573,73108,-93.015,3,0,1,816.6
574,73358,71.704,250,0,0,819.1
575,73608,56.098,250,0,0,821.6
576,73858,69.496,250,0,0,824.1
577,74108,69.051,250,0,0,826.8
578,74358,73.529,250,0,0,830.2
579,74608,69.093,250,0,0,833.9
580,74858,61.565,250,0,0,837.7
581,75108,60.835,250,0,0,843.5
582,75358,55.511,250,0,0,849.1
583,75608,54.476,250,0,0,854.3
584,75858,68.602,250,0,0,859.9
585,76108,53.824,250,0,0,864.0
586,76358,56.719,250,0,0,866.5
587,76608,57.957,250,0,0,869.1
588,76858,76.312,250,0,0,871.4
589,77108,66.118,250,0,0,874.0
590,77358,74.298,250,0,0,876.3
591,77608,60.913,250,0,0,878.7
592,77729,-100.925,121,0,1,879.8
593,77955,-88.324,226,0,1,881.8
594,78063,-35.127,108,0,1,882.8
595,78090,-55.881,27,0,1,883.0
596,78143,-36.059,53,0,1,883.6
597,78167,-84.12,24,0,1,883.8
598,78250,-37.163,83,0,1,884.5
599,78266,-71.412,16,0,1,884.7
600,78516,65.149,250,0,0,887.1
601,78766,29.815,250,0,0,889.4
602,78804,-43.058,38,0,1,889.8
603,78901,-34.288,97,0,1,890.9
604,79028,-32.944,127,0,1,893.7
605,79278,68.83,250,0,0,898.1
606,79528,58.189,250,0,0,902.9
607,79626,-40.116,98,0,1,904.6
608,79646,-74.418,20,0,1,905.0
609,79671,-39.074,25,0,1,905.5
610,79921,59.382,250,0,0,908.9
611,80171,44.986,250,0,0,912.8
612,80188,-101.496,17,0,1,913.1
613,80217,-54.575,29,0,1,913.7
614,80234,-101.795,17,0,1,914.0
615,80484,62.557,250,0,0,919.9
616,80734,59.054,250,0,0,923.7
617,80765,-29.715,31,0,1,924.0
618,81015,60.263,250,0,0,927.7
619,81265,56.737,250,0,0,931.1
620,81515,42.524,250,0,0,933.7
621,81567,-24.756,52,0,1,934.2
622,81817,68.487,250,0,0,936.7
623,81820,-106.101,3,0,1,936.8
624,82070,36.066,250,0,0,939.5
625,82190,-21.849,120,0,1,940.7
626,82440,6.75,250,0,0,943.2
627,82690,71.905,250,0,0,945.9
628,82940,78.206,250,0,0,948.9
629,83190,69.031,250,0,0,951.7
630,83242,-18.274,52,0,1,952.3
631,83295,-28.919,53,0,1,952.9
632,83313,-96.517,18,0,1,953.1
633,83563,81.672,250,0,0,955.9
634,83673,-36.302,110,0,1,957.1
635,83691,-67.86,18,0,1,957.5
636,83941,61.762,250,0,0,960.8
637,83950,-114.286,9,0,1,960.9
638,84200,68.945,250,0,0,964.5
639,84450,41.208,250,0,0,967.4
640,84547,-34.344,97,0,1,968.5
641,84797,63.772,250,0,0,972.0
642,85047,45.542,250,0,0,976.8
643,85148,-50.909,101,0,1,979.2
644,85398,65.826,250,0,0,982.8
645,85648,71.926,250,0,0,985.8
646,85898,49.597,250,0,0,988.8
647,86148,38.176,250,0,0,991.3
648,86398,74.769,250,0,0,994.0
649,86414,-117.24,16,0,1,994.1
650,86664,72.471,250,0,0,996.7
651,86739,197.037,75,1,0,997.5
652,86989,72.915,250,0,0,1000.0
653,87239,70.559,250,0,0,1003.2
654,87304,202.096,65,1,0,1004.2
655,87554,60.169,250,0,0,1007.0
656,87804,71.83,250,0,0,1009.7
657,87889,-48.601,85,0,1,1010.5
658,88139,76.66,250,0,0,1013.0
659,88230,-44.626,91,0,1,1014.6
660,88294,-20.738,64,0,1,1015.5
661,88323,-32.305,29,0,1,1015.8
662,88373,-35.848,50,0,1,1016.6
663,88389,-95.818,16,0,1,1016.7
664,88581,-40.066,192,0,1,1018.6
665,88615,-28.48,34,0,1,1018.9
666,88802,-36.799,187,0,1,1020.6
667,88848,-47.236,46,0,1,1021.1
668,88955,-36.835,107,0,1,1022.1
669,89205,77.407,250,0,0,1024.5
670,89375,-35.673,170,0,1,1026.2
671,89618,-93.635,243,0,1,1028.7
672,89790,-67.112,172,0,1,1030.6
673,90040,64.434,250,0,0,1033.6
674,90186,-64.076,146,0,1,1035.1
675,90214,-44.827,28,0,1,1035.4
676,90264,-22.225,50,0,1,1035.9
677,90514,73.258,250,0,0,1038.5
678,90764,78.087,250,0,0,1041.1
679,91014,85.777,250,0,0,1044.2
680,91264,71.371,250,0,0,1048.2
681,91514,78.571,250,0,0,1051.9
682,91687,-58.27,173,0,1,1055.7
683,91937,69.401,250,0,0,1058.4
684,92187,79.972,250,0,0,1061.6
685,92437,58.272,250,0,0,1064.6
686,92493,-44.864,56,0,1,1065.2
687,92743,47.801,250,0,0,1067.9
688,92993,75.164,250,0,0,1071.0
689,93243,56.488,250,0,0,1076.1
690,93493,65.416,250,0,0,1081.2
691,93555,-33.746,62,0,1,1082.5
692,93805,67.63,250,0,0,1088.9
693,94055,77.029,250,0,0,1094.3
694,94102,-23.936,47,0,1,1095.2
695,94148,195.286,46,1,0,1096.2
696,94191,-61.045,43,0,1,1097.9
697,94441,85.089,250,0,0,1107.8
698,94691,66.891,250,0,0,1114.7
699,94941,65.816,250,0,0,1119.1
700,95191,73.162,250,0,0,1124.3
701,95441,80.04,250,0,0,1129.2
702,95691,62.481,250,0,0,1134.1
703,95941,57.303,250,0,0,1139.1
704,95959,-89.606,18,0,1,1139.4
705,96209,70.109,250,0,0,1144.5
706,96275,-29.459,66,0,1,1145.8
707,96525,60.81,250,0,0,1151.0
708,96775,76.832,250,0,0,1155.9
709,96987,-49.597,212,0,1,1164.6
710,97080,-52.855,93,0,1,1168.5
711,97123,191.372,43,1,0,1169.4
712,97373,82.774,250,0,0,1174.1
713,97397,-28.266,24,0,1,1174.6
714,97647,55.777,250,0,0,1179.2
715,97897,75.633,250,0,0,1184.1
716,98147,93.481,250,0,0,1188.9
717,98397,64.332,250,0,0,1193.8
718,98449,211.684,52,1,0,1194.8
719,98699,35.277,250,0,0,1200.2
720,98751,-26.763,52,0,1,1201.2
721,99001,60.946,250,0,0,1207.1
722,99115,-24.941,114,0,1,1210.5
723,99165,-44.174,50,0,1,1213.0
724,99376,-70.811,211,0,1,1218.0
725,99626,74.447,250,0,0,1223.4
726,99645,-111.964,19,0,1,1223.8
727,99895,22.944,250,0,0,1228.8
728,100145,76.674,250,0,0,1233.0
729,100395,53.446,250,0,0,1238.1
730,100645,72.626,250,0,0,1242.8
731,100895,43.164,250,0,0,1247.7
732,100923,-33.809,28,0,1,1248.2
733,101173,60.58,250,0,0,1256.2
734,101423,60.148,250,0,0,1274.8
735,101673,67.995,250,0,0,1283.8
736,101923,67.609,250,0,0,1289.5
737,102173,55.854,250,0,0,1295.5
738,102423,91.617,250,0,0,1362.4
739,102673,52.729,250,0,0,1378.4
740,102849,-20.41,176,0,1,1385.8
741,103099,62.475,250,0,0,1400.4
742,103106,-89.969,7,0,1,1400.6
743,103153,-32.414,47,0,1,1402.5
744,103403,65.714,250,0,0,1406.9
745,103653,56.194,250,0,0,1411.5
746,103903,67.562,250,0,0,1418.1
747,104153,64.773,250,0,0,1425.7
748,104403,59.305,250,0,0,1432.8
749,104653,66.646,250,0,0,1438.4
750,104903,71.297,250,0,0,1444.4
751,105153,56.008,250,0,0,1449.3
752,105403,61.15,250,0,0,1454.1
753,105492,-30.902,89,0,1,1455.8
754,105509,-54.625,17,0,1,1456.2
755,105551,-22.276,42,0,1,1457.0
756,105801,67.033,250,0,0,1461.7
757,106051,57.556,250,0,0,1466.4
758,106301,60.253,250,0,0,1471.0
759,106551,81.946,250,0,0,1475.9
760,106801,57.149,250,0,0,1480.5
761,107051,53.903,250,0,0,1484.9
762,107301,80.552,250,0,0,1489.9
763,107551,75.526,250,0,0,1496.4
764,107801,52.891,250,0,0,1502.4
765,108051,73.748,250,0,0,1508.0
766,108301,86.589,250,0,0,1513.2
767,108551,73.776,250,0,0,1517.9
768,108801,72.99,250,0,0,1522.6
769,109051,71.638,250,0,0,1527.7
770,109093,-27.031,42,0,1,1528.5
771,109097,-92.635,4,0,1,1528.6
772,109347,73.211,250,0,0,1533.4
773,109597,74.065,250,0,0,1538.5
774,109847,71.657,250,0,0,1543.6
775,110097,63.344,250,0,0,1548.3
776,110347,74.861,250,0,0,1553.6
777,110357,-85.378,10,0,1,1553.8
778,110607,38.613,250,0,0,1559.0
779,110857,36.234,250,0,0,1564.2
780,110906,-44.173,49,0,1,1565.3
781,111156,58.022,250,0,0,1569.9
782,111196,-85.806,40,0,1,1570.7
783,111446,77.089,250,0,0,1575.6
784,111544,-28.625,98,0,1,1577.5
785,111794,71.905,250,0,0,1583.1
786,112044,61.858,250,0,0,1588.1
787,112294,72.6,250,0,0,1593.1
788,112544,66.069,250,0,0,1598.0
789,112794,66.811,250,0,0,1603.1
790,113044,66.254,250,0,0,1608.4
791,113294,51.74,250,0,0,1613.2
792,113347,-51.409,53,0,1,1614.2
793,113597,78.713,250,0,0,1618.8
794,113845,-26.61,248,0,1,1623.5
795,114095,49.173,250,0,0,1628.4
796,114273,-42.568,178,0,1,1632.2
797,114523,70.343,250,0,0,1636.6
798,114773,67.53,250,0,0,1641.1
799,115023,71.702,250,0,0,1646.6
